{
  "action_dim": 34,
  "obs_dim": 12,
  "action_bounds": {
    "min": [
      0.0,
      0.0,
      0.0,
      0.0,
      0.0,
      0.0002500000118743628,
      -1.7906711101531982,
      -0.08421417325735092,
      -7.737859725952148,
      -2.1641621589660645,
      -5.62565279006958,
      -2.223903179168701,
      -6.437211513519287,
      -1.9030624628067017,
      -10.134993553161621,
      -4.336808689942018e-17,
      -0.6829268336296082,
      -4.336808689942018e-17,
      -4.336808689942018e-17,
      -0.6829268336296082,
      -4.336808689942018e-17,
      -2.5451836585998535,
      -0.8375408053398132,
      -6.5204176902771,
      -1.5707963705062866,
      -0.7351530194282532,
      -1.0471975803375244,
      1.7583141326904297,
      0.0,
      0.0,
      -0.5121951103210449,
      -0.5121951103210449,
      0.0,
      -0.5121951103210449
    ],
    "max": [
      0.0,
      0.0,
      0.0,
      0.0,
      0.0,
      0.4997499883174896,
      2.394866943359375,
      1.0997028350830078,
      5.682442665100098,
      2.083735942840576,
      7.891017436981201,
      2.478180170059204,
      7.815181255340576,
      2.1490306854248047,
      3.99849009513855,
      0.6829268336296082,
      4.336808689942018e-17,
      0.6829268336296082,
      0.6829268336296082,
      4.336808689942018e-17,
      0.6829268336296082,
      0.04800006374716759,
      1.5707963705062866,
      -1.0471975803375244,
      -0.2112428843975067,
      1.128000259399414,
      0.34234917163848877,
      5.0138840675354,
      0.5121951103210449,
      0.5121951103210449,
      0.0,
      0.0,
      0.5121951103210449,
      0.0
    ]
  },
  "obs_bounds": {
    "min": [
      -0.9991445541381836,
      -0.999460756778717,
      -0.9389210343360901,
      -0.8221505284309387,
      -0.9995607733726501,
      -0.9991445541381836,
      -0.9282369017601013,
      -1.3175325393676758,
      -0.9154725670814514,
      -0.8908998370170593,
      -0.9223233461380005,
      0.6266271471977234
    ],
    "max": [
      0.9971574544906616,
      0.9995607733726501,
      0.9000271558761597,
      2.989196300506592,
      0.999460756778717,
      0.9978247880935669,
      0.9053793549537659,
      0.39323487877845764,
      0.9265106916427612,
      0.9472234845161438,
      1.0,
      2.059603452682495
    ]
  }
}